"subject","object","probability"
"donald mëllugja","soccer player","1"
"siege of ambur","military conflict","1"
"dead to rights (series)","television show","1"
"musculoskeletal disorder","disease","1"
"joachim von kortzfleisch","military person","1"
"przecznia","village","1"
"madan lal shukla","politician","1"
"the woman at the crossroads","movie","1"
"alan webb (footballer)","soccer manager","1"
"chieve","settlement","1"
"sri ksetra","city","1"
"2003 tokyo verdy 1969 season","soccer club","1"
"2003 tokyo verdy 1969 season","soccer club season","1"
"stewart, texas","village","1"
"stijn streuvels","person","1"
"computer entertainment supplier's association","company","1"
"leo willis","person","1"
"borealis (2013 film)","television show","1"
"super play action football","video game","1"
"saline township, jefferson county, ohio","settlement","1"
"saline township, jefferson county, ohio","town","1"
"gemma whelan","person","1"
"ben harrison (footballer, born 1997)","soccer player","1"
"gergő szécsi","soccer player","1"
"maria tescanu rosetti","person","1"
"winfield, texas","settlement","1"
"winfield, texas","city","1"
"estadio fiscal de linares","stadium","1"
"estadio fiscal de linares","venue","1"
"charles f. conrad","person","1"
"cambridge station (minnesota)","station","1"
"tom mulholland (gaelic footballer)","gaelic games player","1"
"mark meseroll","american football player","1"
"mark martin","nascar driver","1"
"battle of alma","military conflict","1"
"tv tan ep","album","1"
"teresa franchini","person","1"
"danielle gregoire","politician","1"
"84th airlift flight","military unit","1"
"chico lanete","basketball player","1"
"21 (the paddingtons song)","single","1"
"21 (the paddingtons song)","song","1"
"chassiers","settlement","1"
"john keells it","company","1"
"bolbolenellus","animal","1"
"total control (band)","musical artist","1"
"carnegie mellon university in qatar","university","1"
"ali abdi (footballer)","soccer player","1"
"veselovka, voronezh oblast","settlement","1"
"sebastian francis shaw","cleric","1"
"pitara","insect","1"
"jori aro","curler","1"
"miserden","settlement","1"
"iowa chops","hockey team","1"
"sara jemai","athlete","1"
"denis rusu (footballer, born 2001)","soccer player","1"
"1922–23 blackpool f.c. season","soccer club season","1"
"murex megapex","mollusca","1"
"lake gairdner national park","administrative region","1"
"the edge of silence","album","1"
"chains (album)","album","1"
"electro magnetic unit","album","1"
"gautam srivastava","person","1"
"rhinoncus castor","insect","1"
"marshall g. jones","scientist","1"
"ryan taylor (north dakota politician)","office holder","1"
"valeria lukyanova","model","1"
"moolniwasi shudra to khalsa","movie","1"
"vesdre","river","1"
"borovica","settlement","1"
"dirk cussler","person","1"
"itzsoweezee (hot)","single","1"
"bokani soko","person","1"
"verone mckinley iii","american football player","1"
"daxing line, beijing subway","railway line","1"
"julianowo, masovian voivodeship","village","1"
"penn state university","university","1"
"lilleshall monument","monument","1"
"guido gozzano","writer","1"
"national museum of peru","museum","1"
"walter b. gage","college coach","1"
"premontre monastery church of zsámbék","historic building","1"
"haider ali khan","politician","1"
"2014/15 tpsl season","football league season","1"
"antonio madiona","painter","1"
"paracles contraria","insect","1"
"elena ferrante","writer","1"
"stormy weathers (film)","television show","1"
"no more words","song","1"
"bartodzieje, grójec county","village","1"
"thomas fairfax, 9th lord fairfax of cameron","person","1"
"thomas fairfax, 9th lord fairfax of cameron","noble","1"
"jim roddey","office holder","1"
"jim roddey","politician","1"
"topla reber","settlement","1"
"ioannis giangos","military person","1"
"ioannis giangos","politician","1"
"classical and quantum gravity","academic journal","1"
"juno and the paycock (film)","movie","1"
"jitsuko","given name","1"
"495 eulalia","planet","1"
"concord building","building","1"
"amitabh aurora","person","1"
"nico varela","soccer player","1"
"anastasio somoza portocarrero","person","1"
"henry l. langhaar","scientist","1"
"larry new","college coach","1"
"church of the virgin hodegetria (agrafenovka)","historic building","1"
"let me rock you","album","1"
"jakov, serbian archbishop","cleric","1"
"howard stevens","american football player","1"
"julie christie (producer)","person","1"
"restless: the best","album","1"
"uscgc rush (whec-723)","ship","1"
"william cleireach macleod","person","1"
"turkish cricket board","organisation","1"
"johann gottfried spiesshofer","person","1"
"edoardo bove","soccer player","1"
"the death of noah glass","book","1"
"tage frid","person","1"
"nadine epstein","person","1"
"africa bibliography","academic journal","1"
"yacambú national park","protected area","1"
"frederick roberts, 1st earl roberts","military person","1"
"jason silva","philosopher","1"
"jason silva","person","1"
"annette kar baxter","academic person","1"
"john corbett (royal navy officer)","military person","1"
"night time, my time","album","1"
"harry bonavia","athlete","1"
"pacificanada","television show","1"
"shoreham beach","park","1"
"tyris flare","fictional character","1"
"snowville historic district","historic place","1"
"tapentadol","drug","1"
"clinical schizophrenia & related psychoses","academic journal","1"
"ribose-5-phosphate—ammonia ligase","enzyme","1"
"manjula reddy","scientist","1"
"heart like a gun","album","1"
"iran, the most dangerous nation?","movie","1"
"armen petrosyan","martial artist","1"
"janis mcgavin","person","1"
"1959–60 coppa italia","soccer tournoment","1"
"claudio della penna","soccer player","1"
"ergodic theory and dynamical systems","academic journal","1"
"china international fund","company","1"
"nigel travis","person","1"
"manuel yarza","soccer player","1"
"mervyn johns","person","1"
"parectopa mnesicala","insect","1"
"mariano puch","soccer player","1"
"indian farmers fertiliser cooperative","company","1"
"omar duarte","soccer player","1"
"roderick johnson","american football player","1"
"ocean (film)","movie","1"
"1978 usac mini-indy series season","motorsport season","1"
"yooyoung (singer)","musical artist","1"
"oskar tennis champion","album","1"
"perfect dark (series)","television show","1"
"seven times down eight times up","album","1"
"konjari","village","1"
"félix bódog widder","artist","1"
"the earl and the girl","musical","1"
"st joseph's church, southampton","historic building","1"
"colorado state highway 53","road","1"
"john h. noble","person","1"
"bob blake (ice hockey)","ice hockey player","1"
"zauralie kurgan","soccer club","1"
"zauralie kurgan","hockey team","1"
"kaali khuhi","movie","1"
"omiostola splendissima","insect","1"
"hero (afrojack and david guetta song)","song","1"
"lapino, vyaznikovsky district, vladimir oblast","village","1"
"zgornja jevnica","settlement","1"
"froy gutierrez","person","1"
"bukowiec, brodnica county","village","1"
"paid programming (tv pilot)","television show","1"
"tuoba heru","noble","1"
"arusha","settlement","1"
"arusha","city","1"
"anthony m. frank","office holder","1"
"anthony m. frank","politician","1"
"ashita no kioku/crazy moon (kimi wa muteki)","single","1"
"akoranga busway station","station","1"
"old irion county courthouse","historic place","1"
"simpsons (department store)","company","1"
"ekua holmes","artist","1"
"queen of the pirates","movie","1"
"niu zhiyuan","athlete","1"
"roee avraham","squash player","1"
"henriciella aquimarina","bacteria","1"
"2017 nrlb championship","event","1"
"liebler-rohl gasoline station","historic place","1"
"nk špansko","soccer club","1"
"malcolm phillips","rugby player","1"
"harvey robinson","college coach","1"
"cheerfu11y","movie","1"
"h. c. mahadevappa","politician","1"
"mário ruivo","person","1"
"mozilla open software patent license","software","1"
"pedro josé lorenzo","soccer manager","1"
"tam airlines","company","1"
"loxonepea","animal","1"
"marco paolini (footballer)","soccer player","1"
"adrián solano (cross-country skier)","skier","1"
"quake ii engine","software","1"
"bandikhedi (census code 482082)","village","1"
"crystal brook (beaver kill tributary)","river","1"
"steffen lang","soccer player","1"
"kruopiai","town","1"
"thirlmere railway station, new south wales","station","1"
"fauja singh sarari","politician","1"
"edward kleinbard","person","1"
"eastern cables limited","organisation","1"
"kono aozora ni yakusoku o","manga","1"
"otis redding","musical artist","1"
"jedd gyorko","baseball player","1"
"dave glinka","soccer player","1"
"bessville, missouri","village","1"
"eisenmenger's syndrome","disease","1"
"the indian institute of world culture","university","1"
"white star, michigan","city","1"
"get over me","album","1"
"get over me","song","1"
"evan wallach","military person","1"
"evan wallach","politician","1"
"charlton media group (canada)","company","1"
"konkan gyanpeeth college of engineering","university","1"
"gobindashi union","settlement","1"
"vyron polydoras","office holder","1"
"nswrl women's premiership","rugby league","1"
"w. h. ravenscroft","office holder","1"
"w. h. ravenscroft","politician","1"
"uss little brothers (sp-921)","ship","1"
"sydney stakes","horse race","1"
"farmigo","company","1"
"marsvinsholm castle","castle","1"
"balázs bese","soccer player","1"
"chara selection","magazine","1"
"david a. brennen","academic person","1"
"jimmy cant","soccer player","1"
"flipside (album)","album","1"
"henko marais","rugby player","1"
"lynne ramsay","person","1"
"erie playhouse","venue","1"
"kamyennaya horka","station","1"
"eddy wilson (american football)","american football player","1"
"irmina gliszczyńska","sailor","1"
"room service (song)","single","1"
"room service (song)","song","1"
"daimler conquest","automobile","1"
"reg morelli","ice hockey player","1"
"kharamodun","settlement","1"
"maria anna vasa","royalty","1"
"laverton, victoria","settlement","1"
"sandy robertson (footballer born 1971)","soccer player","1"
"mega man (original series)","television show","1"
"matadero madrid","museum","1"
"vincent o'connell","person","1"
"posht par, mamasani","village","1"
"so far from god","book","1"
"joão moreira","soccer player","1"
"claire curtis-thomas","office holder","1"
"claire curtis-thomas","politician","1"
"fox broadcasting company","television station","1"
"now look","album","1"
"tales of vs.","video game","1"
"leonard hill (politician)","politician","1"
"köseli, kozan","village","1"
"joe gould's secret (film)","movie","1"
"bangalaia","insect","1"
"aachhat","village","1"
"meridian secondary school","school","1"
"fernhurst","settlement","1"
"cosmia","insect","1"
"darlung, gulmi","village","1"
"nigerian investment promotion commission","government agency","1"
"complete control","single","1"
"complete control","song","1"
"quintus caecilius metellus (consul 206 bc)","person","1"
"2014 national premier leagues","football league season","1"
"hamilton creek, queensland","settlement","1"
"the elizabethan madrigal singers","band","1"
"makoto minamiyama","basketball player","1"
"intramural","sport","1"
"2017–18 milton keynes dons f.c. season","soccer club season","1"
"1995 the citadel bulldogs football team","national collegiate athletic association team season","1"
"ulan-burgas","mountain","1"
"lance clow","politician","1"
"paraengine","company","1"
"archaeoglobus profundus","archaea","1"
"witter bynner","person","1"
"st. michael's fortress, šibenik","historic place","1"
"lake wisconsin, wisconsin","settlement","1"
"mutxamel","town","1"
"andré versini","person","1"
"chilliwack jets","hockey team","1"
"haliophyle compsias","insect","1"
"lily's driftwood bay","television show","1"
"wakasahiko shrine","religious building","1"
"onoe shoroku ii","actor","1"
"john johnston (indian agent)","politician","1"
"jack shutt (footballer)","soccer player","1"
"viasat sport 3","television station","1"
"cintia rodriguez","gymnast","1"
"batkovići, nevesinje","village","1"
"the ancient economy","book","1"
"1967–68 drexel dragons men's basketball team","national collegiate athletic association team season","1"
"heydarabad, tasuj","village","1"
"leslie bridges","cricketer","1"
"syed rashid ahmed jaunpuri","religious","1"
"millett opera house","historic place","1"
"ranch to market road 1832","road","1"
"chris macari","person","1"
"s.s. matera calcio","soccer club","1"
"parakode","village","1"
"paolo rossi (actor)","person","1"
"2009 japanese general election","election","1"
"st. clair balfour","person","1"
"ludwig norbert","soccer player","1"
"indian freedom fighter","person function","1"
"pterolophia oculata","insect","1"
"pliny earle i","person","1"
"hedens if","soccer club","1"
"junya ikeda","person","1"
"sachsen-class frigate","ship","1"
"rashid zadran","cricketer","1"
"greg davis (rugby union)","rugby player","1"
"thottilpalam","town","1"
"melbourne steam traction engine club","organisation","1"
"national captioning institute","organisation","1"
"phu bai combat base","airport","1"
"phu bai combat base","place","1"
"trachystolodes","insect","1"
"leipzig wilhelm-leuschner-platz railway station","station","1"
"mahindra xylo","automobile","1"
"kialla, victoria","administrative region","1"
"joe jones (rugby union)","rugby player","1"
"major league volleyball","volleyball league","1"
"bustin' down the door","movie","1"
"tosin kehinde","soccer player","1"
"haven of hope hospital","hospital","1"
"john jones (abolitionist)","person","1"
"daniel thiaw","athlete","1"
"white–haines building","building","1"
"stenotarsus vallatus","insect","1"
"your friend the rat","movie","1"
"bob johnson (ice hockey, born 1931)","ice hockey player","1"
"alfred von larisch","military person","1"
"leeds west (uk parliament constituency)","administrative region","1"
"aso olomouc","soccer club","1"
"if only (descendants song)","single","1"
"rade končar","politician","1"
"fatyanovo, tarnogsky district, vologda oblast","village","1"
"reality hunger","book","1"
"thundercat (musician)","musical artist","1"
"december 2002 serbian presidential election","election","1"
"shumai","food","1"
"cencio massola","sailor","1"
"1978–79 weber state wildcats men's basketball team","national collegiate athletic association team season","1"
"2021 northern peru earthquake","earthquake","1"
"2018–19 central michigan chippewas women's basketball team","national collegiate athletic association team season","1"
"kenneth blackburne","politician","1"
"william porterfield","cricketer","1"
"papilio weymeri","insect","1"
"yellow sky","movie","1"
"su yuliang","soccer player","1"
"1951 fc dinamo bucurești season","soccer club","1"
"1951 fc dinamo bucurești season","soccer club season","1"
"american heartbeat","single","1"
"baş zəyzid","town","1"
"shahrak-e alzahra","village","1"
"andré bergdølmo","soccer player","1"
"andré bergdølmo","soccer manager","1"
"stigmella kasyi","insect","1"
"ecc (eikaiwa)","company","1"
"all things must pass","album","1"
"edmond de knibber","athlete","1"
"taurasia striata","mollusca","1"
"anopheles tessellatus","insect","1"
"takashi ishii (baseball)","baseball player","1"
"wziv","radio station","1"
"1918 shantou earthquake","earthquake","1"
"franz lisp","programming language","1"
"fashion designer s/o ladies tailor","movie","1"
"jah cure","musical artist","1"
"christian oberth","person","1"
"hubstaff","company","1"
"suttor river","river","1"
"1999 slovak presidential election","election","1"
"100 miles and runnin'","album","1"
"gerda muller","athlete","1"
"louis t. wright","scientist","1"
"whiz kids (album)","album","1"
"jarmann harpoon rifle","weapon","1"
"saunulu","settlement","1"
"a.r. monex pro cycling team","cycling team","1"
"morrison & foerster","law firm","1"
"steve enich","american football player","1"
"coast guard station merrimack river","military structure","1"
"battle of doiran (1916)","military conflict","1"
"hugo daya","cyclist","1"
"stade municipal de avrankou","venue","1"
"ol' '55","song","1"
"ewa miszewska","military person","1"
"the enemy within (savage book)","book","1"
"okk dunav","basketball team","1"
"savoureux (hannibal)","television episode","1"
"poland national under-18 football team","soccer club","1"
"jordan shipley (footballer)","soccer player","1"
"in a roman osteria","artwork","1"
"fatelessness","book","1"
"william brown cooper","person","1"
"gustavianum","museum","1"
"ravenswood community church","historic place","1"
"garam khoon","movie","1"
"tumbo abanikanda","soccer player","1"
"actifsource","software","1"
"nowe miasto county","settlement","1"
"nowe miasto county","administrative region","1"
"1915 louisville cardinals football team","national collegiate athletic association team season","1"
"eugene van antwerp","politician","1"
"lakshmi n. menon","person","1"
"le migliori (album)","album","1"
"fury of the congo","movie","1"
"ammobium","insect","1"
"shelby kramp-neuman","politician","1"
"fifty years a hunter and trapper","book","1"
"ali kordan","office holder","1"
"ali kordan","politician","1"
"apodia","insect","1"
"biskupice, wolsztyn county","village","1"
"lisu people","ethnic group","1"
"clean feed records","record label","1"
"diana baciu","chess player","1"
"piduguralla bus station","station","1"
"apocalyptic fiction","music genre","1"
"kesselkogel","mountain","1"
"anderson schoolhouse","historic place","1"
"martha berenice álvarez tovar","person","1"
"redemption song (tv series)","television show","1"
"chabi-couma","town","1"
"plos","publisher","1"
"anderson santana","soccer player","1"
"bergen ballpark","venue","1"
"orangism (belgium)","political party","1"
"illinois school for the visually impaired","school","1"
"ożarów, lublin voivodeship","village","1"
"saginaw high school","school","1"
"the island (1934 film)","movie","1"
"superheaven","musical artist","1"
"superheaven","band","1"
"elegia (song)","song","1"
"shelbridge","historic place","1"
"ali salah hashim","soccer player","1"
"b. frank murphy","politician","1"
"underhill state park","park","1"
"freak kitchen","band","1"
"didn't even see the dust","song","1"
"1999–2000 rangers f.c. season","soccer club","1"
"1999–2000 rangers f.c. season","soccer club season","1"
"roy partee","baseball player","1"
"lipogya","insect","1"
"daniel mongrain","musical artist","1"
"george du maurier","person","1"
"george du maurier","writer","1"
"helmut vollprecht","athlete","1"
"marv blaylock","baseball player","1"
"coventry-eagle","company","1"
"liu lingling","gymnast","1"
"whitneyville, maine","settlement","1"
"whitneyville, maine","town","1"
"caicella","insect","1"
"2011–12 fc dynamo kyiv season","soccer club season","1"
"gatsibo district","settlement","1"
"gatsibo district","administrative region","1"
"adam roberts (footballer)","soccer player","1"
"gks katowice (ice hockey)","soccer club","1"
"gks katowice (ice hockey)","hockey team","1"
"george w. schmal","military person","1"
"raul gil","person","1"
"korabl-sputnik 2","space mission","1"
"wyvern lingo","band","1"
"rick dunn","athlete","1"
"thrombocythemia","disease","1"
"shenoy nagar","village","1"
"shenoy nagar","city district","1"
"wowie de guzman","person","1"
"al-hai district","administrative region","1"
"command.com","video game","1"
"command.com","software","1"
"navina omilade","soccer player","1"
"pittsburgh metropolitan area","settlement","1"
"rod macqueen","rugby player","1"
"akwa ibom state ministry of transport and petroleum","government agency","1"
"pass & move (it's the liverpool groove)","single","1"
"pass & move (it's the liverpool groove)","song","1"
"takuo godō","person","1"
"fran mérida","soccer player","1"
"ingemar jernberg","athlete","1"
"sadîc","village","1"
"institute of accounting and commerce","organisation","1"
"jay's longhorn bar","venue","1"
"pak gyong-chol (north korean football midfielder)","soccer player","1"
"werner sanne","military person","1"
"road (play)","play","1"
"madawala madige","village","1"
"tamedit","town","1"
"central bicol state university of agriculture","university","1"
"cheung po tsai cave","cave","1"
"elliott dexter","person","1"
"the great love (1969 film)","movie","1"
"honoré achim","office holder","1"
"honoré achim","politician","1"
"jiukouzi township","town","1"
"coast & country housing limited","company","1"
"new amsterdam, guyana","settlement","1"
"new amsterdam, guyana","town","1"
"thomas miller (bassist)","musical artist","1"
"todor pramatarov","soccer player","1"
"232","year","1"
"daniel fitzgerald (neighbours)","soap character","1"
"james wallace (philanthropist)","person","1"
"leonard dixon","athlete","1"
"nam joon-jae","soccer player","1"
"luc mullinder","soccer player","1"
"notophyson praxila","insect","1"
"huangnibang station","station","1"
"tom mcneil","australian rules football player","1"
"2022 exeter city council election","election","1"
"ruth hollick","person","1"
"jazz at the plaza vol. i","album","1"
"melbourne flats","historic place","1"
"deportivo iztacalco","soccer club","1"
"canada's got talent (season 2)","television season","1"
"kabelhorst","settlement","1"
"southern pacific 4294","locomotive","1"
"vh1 big in '05 awards","award","1"
"damaris phillips","person","1"
"damaris phillips","chef","1"
"la kiffance","song","1"
"mike mangan (musician)","musical artist","1"
"dolichoderus longicollis","insect","1"
"ungmennafélagið víkingur","soccer club","1"
"shipment from kihei (hawaiian eye)","album","1"
"gotham knights (video game)","video game","1"
"spring ridge baptist church","building","1"
"ted a. wells","person","1"
"hakan ayik","person","1"
"the great synagogue memorial park in oświęcim","park","1"
"the brown bunny","movie","1"
"ty burr","person","1"
"athens tango project","band","1"
"gillian treers","swimmer","1"
"antanamalaza","settlement","1"
"marcelo saraiva","soccer player","1"
"chris freeman (australian musician)","musical artist","1"
"travers–buttes railway","railway line","1"
"sncf class bb 67000","locomotive","1"
"j.b.s. haldane","scientist","1"
"sandra tarte","academic person","1"
"ralph w. aigler","person","1"
"michele riondino","person","1"
"polyamory: married & dating","television show","1"
"2004 uefa european under-21 championship","soccer tournoment","1"
"real republicans (ghanaian football club)","soccer club","1"
"kevin dynon","australian rules football player","1"
"sycamore meadows","album","1"
"olivia ward","person","1"
"nickson fong","person","1"
"champ summers","baseball player","1"
"unsubscribe (film)","movie","1"
"how we roll (tv series)","television show","1"
"battle of loznica","military conflict","1"
"vamsi krishna","person","1"
"brøndbyhallen","venue","1"
"kevin mccormick (movie producer)","musical artist","1"
"krzyż, warmian-masurian voivodeship","village","1"
"oudehaske","village","1"
"neyestaneh","village","1"
"cox's cove","town","1"
"arsène mersch","cyclist","1"
"kerisiano kalolo","politician","1"
"sphaerolobium","plant","1"
"cottontail on the trail","artwork","1"
"subarnalata (tv series)","television show","1"
"the saga of tanya the evil","manga","1"
"guy menzies","military person","1"
"gosławice, kuyavian-pomeranian voivodeship","village","1"
"the italian baker","company","1"
"prince george's plaza station","station","1"
"claude le pen","person","1"
"joseph newton (cricketer)","cricketer","1"
"an album of fluid motion","book","1"
"adhi, jalandhar","village","1"
"lichtenberg, mittelsachsen","settlement","1"
"1993 syracuse orangemen football team","national collegiate athletic association team season","1"
"waking a sleepwalker","album","1"
"lauren williams (taekwondo)","athlete","1"
"2014 ffsa season","football league season","1"
"averil leimon","writer","1"
"2015 colorado springs mayoral election","election","1"
"fort gorges","historic place","1"
"evaluation (journal)","academic journal","1"
"loreto, misiones","village","1"
"david kalivoda","soccer player","1"
"countdown (standiford novel)","album","1"
"hi jolly monument","building","1"
"steel city wanderers l.f.c.","soccer club","1"
"john phillip law","person","1"
"stanley c. walker","politician","1"
"return of the jedi: death star battle","video game","1"
"jack hobbs","cricketer","1"
"subhash modi","cricketer","1"
"jesús guzmán (baseball)","baseball player","1"
"kacho sikander khan","writer","1"
"be someone","song","1"
"ekuinas","company","1"
"john easton","office holder","1"
"john easton","politician","1"
"wobulenzi","settlement","1"
"rewari block of rewari district","settlement","1"
"1978 swedish open","tennis tournament","1"
"parnassius staudingeri","insect","1"
"julius ševčík","person","1"
"dziewiczy ług","village","1"
"2022 tampere open","tennis tournament","1"
"freddy quinn","musical artist","1"
"muhammad karam shah al-azhari","person","1"
"tilleda, wisconsin","settlement","1"
"conrad manila","hotel","1"
"hylocryptus","bird","1"
"george m. parker (united states army officer)","military person","1"
"kozluca, harmancık","village","1"
"the book of the book","book","1"
"conference league (speedway)","speedway league","1"
"nolan patrick","ice hockey player","1"
"dinogamasus","arachnid","1"
"khalaj-e malmir","village","1"
"bethenny frankel","person","1"
"duvie westcott","ice hockey player","1"
"filibuster (military)","person function","1"
"kalu sudu mal","movie","1"
"canadian security intelligence service","government agency","1"
"petri ag","company","1"
"otto a. harbach","musical artist","1"
"jean demannez","politician","1"
"marty walsh (politician)","office holder","1"
"welch allyn","company","1"
"katueté","town","1"
"william g. bennett (gaming executive)","person","1"
"verano de escándalo (2008)","wrestling event","1"
"the weapon (film)","movie","1"
"sassi punnu (1958 film)","movie","1"
"guilderland (hamlet), new york","settlement","1"
"graingers, north carolina","settlement","1"
"namentenga province","settlement","1"
"namentenga province","administrative region","1"
"didenko","village","1"
"cloves campbell sr.","politician","1"
"ephraim mirvis","jewishleader","1"
"atascadero state hospital v. scanlon","supreme court of the united states case","1"
"lutheran brethren seminary","school","1"
"suzie moncrieff","person","1"
"brandon wong (actor)","person","1"
"costin gheorghe","soccer player","1"
"solidary democracy","political party","1"
"joint staff of islamic republic of iran army","military unit","1"
"ninja gaiden ii","video game","1"
"australiopalpa","insect","1"
"wgrq","radio station","1"
"sidecar (company)","person function","1"
"oxford, worcester and wolverhampton railway","public transit system","1"
"mincivan","settlement","1"
"mexica (board game)","game","1"
"volga rebels","movie","1"
"square enix collective","company","1"
"black shampoo","movie","1"
"november 2016 haitian presidential election","election","1"
"moin uddin ahmed","politician","1"
"cotton glacier","place","1"
"guan youfei","politician","1"
"eastern army (ottoman empire)","military unit","1"
"al reyes","baseball player","1"
"tammany hall nyc","band","1"
"karen simpson","person","1"
"simpson design","company","1"
"xiddigaha geeska","band","1"
"marquette, iowa","settlement","1"
"marquette, iowa","city","1"
"leila aboulela","writer","1"
"cluj-napoca hintz house","building","1"
"everything was sound","album","1"
"john timperley (civil engineer)","person","1"
"horst-sevenum railway station","station","1"
"incendiary blonde","movie","1"
"joonas riismaa","basketball player","1"
"2013 mini challenge uk","motorsport season","1"
"georgi nedyalkov","soccer player","1"
"2012 emperor's cup final","football match","1"
"all i want (the reverb junkie album)","album","1"
"jabor al-mutawa","tennis player","1"
"2001–02 scottish league cup","soccer tournoment","1"
"lucien coëdel","person","1"
"timothy findley","writer","1"
"censavudine","drug","1"
"church of santa maría tonantzintla","religious building","1"
"charlie vinson","baseball player","1"
"conspiracies (novel)","book","1"
"john norem","politician","1"
"can't get enough (menudo album)","album","1"
"cairnduff","military structure","1"
"house of stone","book","1"
"eğriekin, çubuk","village","1"
"bihari muslims","ethnic group","1"
"simplicivalva ampliophilobia","insect","1"
"upon the shadow","movie","1"
"canterbury stakes","horse race","1"
"shane summers","formula one racer","1"
"huntington township, luzerne county, pennsylvania","settlement","1"
"huntington township, luzerne county, pennsylvania","town","1"
"fc inter-montréal","soccer club","1"
"jaap van duijn","soccer player","1"
"jiang shengnan","athlete","1"
"fabio semenzato","rugby player","1"
"jaap marais","politician","1"
"panama university","university","1"
"sodium/bile acid cotransporter","humangene","1"
"ope peleseuma","rugby player","1"
"alan o'neill (actor)","person","1"
"spruce production division","military unit","1"
"township 5, rooks county, kansas","town","1"
"michael henderson (writer)","journalist","1"
"gil rogers","person","1"
"cristián muñoz","soccer player","1"
"monika müller","swimmer","1"
"when evil wakes","book","1"
"the pink assassin","wrestler","1"
"william tapley bennett jr.","politician","1"
"jodie marsh","person","1"
"chasseral pass","mountain pass","1"
"jack cartmell","soccer player","1"
"bryan burk","person","1"
"tony ayala jr.","boxer","1"
"the chaperone (2018 film)","movie","1"
"arfons","settlement","1"
"richard worsley (cricketer)","cricketer","1"
"outta nowhere","song","1"
"diego de aguilar (bishop)","cleric","1"
"olympic games","music genre","1"
"berthold carl seemann","scientist","1"
"mke mpt","weapon","1"
"david thorstad","person","1"
"nicolás portal","military person","1"
"toni ritter","ice hockey player","1"
"yukarıçarıkçı, iğdır","village","1"
"kalika, chitwan","town","1"
"19th coast artillery (united states)","military unit","1"
"1963 titleholders championship","golf tournament","1"
"haluoleo university","university","1"
"23s rrna pseudouridine1911/1915/1917 synthase","enzyme","1"
"1988–89 yugoslav cup","soccer tournoment","1"
"newcastle vipers","hockey team","1"
"lavonte david","american football player","1"
"kendeje language","language","1"
"los reyunos dam","dam","1"
"operation condor (1954)","military conflict","1"
"ksrr","radio station","1"
"bystrek","settlement","1"
"wcw nitro grill","restaurant","1"
"yoriko madoka","politician","1"
"asbury park music awards","award","1"
"producers library service","company","1"
"wojciech świętosławski","person","1"
"kehukee primitive baptist church","building","1"
"kujawsko-pomorskie","settlement","1"
"peugeot type 1525","automobile","1"
"niederhosenbach","settlement","1"
"wj3 records","record label","1"
"jhawrian","town","1"
"joe's palace","television show","1"
"robert william hanbury","office holder","1"
"robert william hanbury","politician","1"
"heed","band","1"
"leonid filatov","person","1"
"alexey steblev","person","1"
"2006 formula v6 asia by renault series","motorsport season","1"
"mid-western region, nepal","settlement","1"
"baburka","settlement","1"
"baburka","village","1"
"miguel ángel hurtado","soccer player","1"
"avonmouth railway station","station","1"
"dunham, kentucky","village","1"
"lynette lim","swimmer","1"
"ali kaveh","person","1"
"1918 nebraska gubernatorial election","election","1"
"tenero-contra","settlement","1"
"first presbyterian church (houston)","historic building","1"
"sadullahpur","village","1"
"air cuba (band)","band","1"
"charlee adams","soccer player","1"
"polyrhaphis pilosa","insect","1"
"banca agricola mantovana","bank","1"
"oh snap (ep)","album","1"
"smc4","humangene","1"
"an instinct for the kill","book","1"
"guanghui palace","religious building","1"
"debra laefer","scientist","1"
"matthew elliott (political strategist)","person","1"
"maxwell m. rabb","politician","1"
"kay fisker","architect","1"
"lillian nordica","musical artist","1"
"hard-off","album","1"
"plaesiorrhina watkinsiana","insect","1"
"james chen (actor)","person","1"
"byeon chang-heum","politician","1"
"vice-admiral holdo","fictional character","1"
"santara dynasty","country","1"
"januar eka ramadhan","soccer player","1"
"lippe","settlement","1"
"akkur, ramanagaram","village","1"
"chen jhong-he memorial hall","building","1"
"mazhar ali azhar","person","1"
"fushimi-juku (nakasendō)","station","1"
"metropolis (dix)","artwork","1"
"johnny buchler","rugby player","1"
"? (xxxtentacion album)","album","1"
"iowa's 91st house of representatives district","organisation","1"
"uyin","village","1"
"thaddeus welch","painter","1"
"national technical information service","government agency","1"
"ulmus 'sapporo autumn gold'","cultivar (cultivated variety)","1"
"chirocephalus reiseri","crustacean","1"
"johann friedrich wilhelm baucke","writer","1"
"rockingham (1818 ship)","ship","1"
"alfredo martín (footballer)","soccer player","1"
"sinima","village","1"
"foz do jordão","town","1"
"combat of barquilla (1810)","military conflict","1"
"ascendence","album","1"
"imperial and royal field marshal","movie","1"
"mr. mischief","album","1"
"round hill village, nevada","settlement","1"
"santa lucía (minas de matahambre)","village","1"
"les coteaux périgourdins","settlement","1"
"oxford-class research ship","ship","1"
"glenn maynor","politician","1"
"andrew depaola","american football player","1"
"różaniec, gmina braniewo","village","1"
"melville crombie","cricketer","1"
"susanne schmid (tennis)","tennis player","1"
"watoga state park","protected area","1"
"mandela van peebles","person","1"
"beatrice scalvedi","skier","1"
"2008–09 toulouse fc season","soccer club season","1"
"carl-julius cronenberg","politician","1"
"john norton oxley","politician","1"
"crayssac","settlement","1"
"bakwa district","administrative region","1"
"oto joseph","boxer","1"
"punta rock","music genre","1"
"2011–12 liberty flames basketball team","national collegiate athletic association team season","1"
"murat ramonov","athlete","1"
"stephen walter rogers","writer","1"
"palda","city","1"
"francis dunnery","musical artist","1"
"wcwa star wars (1987)","wrestling event","1"
"warley county borough f.c.","soccer club","1"
"yangtze high school","school","1"
"yves bonnardel","person","1"
"the beacon academy","school","1"
"eoophyla nigripilosa","insect","1"
"aleksander warma","office holder","1"
"aleksander warma","politician","1"
"moïse plante","office holder","1"
"moïse plante","politician","1"
"vincenzo bianco","military person","1"
"vincenzo bianco","cyclist","1"
"1980 oklahoma state cowboys football team","national collegiate athletic association team season","1"
"parkan-e gishu","village","1"
"prophysa","mollusca","1"
"kosovo offensive (1915)","military conflict","1"
"tom smith (noise musician)","musical artist","1"
"holy child public school","school","1"
"the transgressors","band","1"
"the transgressors","book","1"
"ulmoasa river","river","1"
"indecision (steven page song)","song","1"
"psychomotor agitation","disease","1"
"lost in a hotel (1911 film)","movie","1"
"you walk so softly","movie","1"
"mihai sturzu","office holder","1"
"mihai sturzu","politician","1"
"kulli, harju county","village","1"
"xingu river","river","1"
"tanumafili jungblut","athlete","1"
"brankica mihajlović","volleyball player","1"
"doriopsilla debruini","mollusca","1"
"new manchester, west virginia","village","1"
"delfa ivanić","person","1"
"knight island state park","park","1"
"mehrian, arsanjan","village","1"
"hiland r. hulburd","politician","1"
"zrąb-kolonia","village","1"
"herman verbauwen","swimmer","1"
"megacyllene unicolor","insect","1"
"kovas (musician)","musical artist","1"
"david luiz","soccer player","1"
"beforu iii","album","1"
"the magic pudding","book","1"
"roger gicquel","person","1"
"finite element method","music genre","1"
"anna turney","athlete","1"
"2021 denver broncos season","national football league season","1"
"ivo andrić-lužanski","politician","1"
"dewan nurunnabi","politician","1"
"arthur chen","person","1"
"sue draheim","musical artist","1"
"mario rodríguez (weightlifter)","athlete","1"
"1924 new hampshire gubernatorial election","election","1"
"fritz höhn","military person","1"
"laurent-olivier david","office holder","1"
"laurent-olivier david","politician","1"
"articulate ink","company","1"
"ruby turner live at glastonbury","album","1"
"pádraigín ní uallacháin","musical artist","1"
"braunschweiger verkehrs-ag","company","1"
"baxter arena","venue","1"
"khomeyni shahr county","settlement","1"
"khomeyni shahr county","administrative region","1"
"aquarius dignitus","ship","1"
"kulathupuzha","village","1"
"marquinho (footballer, born 1982)","soccer player","1"
"quzlu, germi","village","1"
"disposability","album","1"
"the most (down to nothing album)","album","1"
"universidade federal do rio de janeiro","university","1"
"2014 patriot league men's soccer tournament","soccer tournoment","1"
"sainte-cécile, indre","settlement","1"
"george harper (rugby union)","rugby player","1"
"sontirat sontijirawong","politician","1"
"kevin scott (canadian football)","soccer player","1"
"ona muraškaitė-račiukaitienė","politician","1"
"jennifer macdonald","artist","1"
"1982 united states senate election in washington","election","1"
"ai no beat","single","1"
"ai no beat","song","1"
"emilíana torrini","musical artist","1"
"blanche ii of navarre","person","1"
"blanche ii of navarre","royalty","1"
"letord","company","1"
"the hillz","movie","1"
"fath (newspaper)","newspaper","1"
"artamanovo","settlement","1"
"james f. stewart","office holder","1"
"james f. stewart","politician","1"
"nancy bonini","scientist","1"
"mun ji-yun","athlete","1"
"red letter year (album)","album","1"
"hugh christie school","school","1"
"personally (p-square song)","single","1"
"personally (p-square song)","song","1"
"khrystyne haje","person","1"
"hoxd4","humangene","1"
"giovanni battista urbani","politician","1"
"bernardo rimarim","cyclist","1"
"bonduel, wisconsin","settlement","1"
"bonduel, wisconsin","village","1"
"sphecosoma besasa","insect","1"
"jorge visintini","soccer player","1"
"tipps end","settlement","1"
"rosewood township, chippewa county, minnesota","town","1"
"church of são pedro (belazaima do chão)","historic building","1"
"old acropolis museum","museum","1"
"ranajor singh thapa","politician","1"
"ogilvie, minnesota","settlement","1"
"ogilvie, minnesota","city","1"
"john nevin schaeffer","person","1"
"1981 bc lions season","national football league season","1"
"usha barthakur","politician","1"
"leah dizon","person","1"
"richard foltz","scientist","1"
"charlottetown airport","airport","1"
"matsuri hino","writer","1"
"matsuri hino","comics creator","1"
"nandome no aozora ka?","single","1"
"nandome no aozora ka?","song","1"
"bill (footballer, born 1978)","soccer player","1"
"jack mcbrayer","person","1"
"1907 princeton tigers football team","national collegiate athletic association team season","1"
"thomas harrison (general)","military person","1"
"tricholita ferrisi","insect","1"
"poopy","musical artist","1"
"boris golovin","musical artist","1"
"sar 109t","weapon","1"
"kunkush kancha","mountain","1"
"the monkey wrench","written work","1"
"galectin-7","humangene","1"
"paracymoriza nigra","insect","1"
"jumana ghunaimat","politician","1"
"qureshi","television show","1"
"bhutan kuen-nyam party","political party","1"
"thomas de vere, 8th earl of oxford","person","1"
"thomas de vere, 8th earl of oxford","noble","1"
"sinking of the ss tanais","ship","1"
"ransom asa moore","scientist","1"
"bénédicte menez","person","1"
"suraiya khanum","musical artist","1"
"ohio state route 296","road","1"
"winter journey (2013 film)","movie","1"
"wyatt hill","place","1"
"dnipropetrovsk oblast","country","1"
"dnipropetrovsk oblast","settlement","1"
"mitochondrial ribosomal protein l23","humangene","1"
"kelly heath","baseball player","1"
"bitch better have my money","single","1"
"bitch better have my money","song","1"
"audaz-class destroyer","ship","1"
"sedoheptulose","chemical compound","1"
"cayoosh pass","mountain pass","1"
"2-(acetamidomethylene)succinate hydrolase","enzyme","1"
"rich karlgaard","writer","1"
"1955 wisła kraków season","soccer club season","1"
"krzyżowa, świdnica county","settlement","1"
"krzyżowa, świdnica county","village","1"
"cady staley","politician","1"
"stuart collection","museum","1"
"margaret taber","person","1"
"nuffield orthopaedic centre","hospital","1"
"hyper sports","video game","1"
"su-ki-da","movie","1"
"tesla, west virginia","settlement","1"
"tesla, west virginia","village","1"
"ola englund","musical artist","1"
"the first sir percy","book","1"
"nabat (film)","movie","1"
"sungard availability services","company","1"
"appserver.io","software","1"
"claes thelander","actor","1"
"dougie fitzell","gaelic games player","1"
"bill knowlton","baseball player","1"
"asim munir (cricketer)","cricketer","1"
"line 3, chongqing rail transit","railway line","1"
"d. j. kane","gaelic games player","1"
"harry mairson","scientist","1"
"donaldson, lufkin & jenrette","company","1"
"hong lake","body of water","1"
"ioannis sismanis","military person","1"
"la sauvetat-du-dropt","settlement","1"
"george sossenko","military person","1"
"boom desjardins","musical artist","1"
"the pioneer (south australia)","newspaper","1"
"rear admiral (united states)","military person","1"
"arthur robinson (civil servant)","person","1"
"lepadichthys","insect","1"
"brianne berkson","person","1"
"germansville, pennsylvania","village","1"
"siirt atatürk stadium","stadium","1"
"siirt atatürk stadium","venue","1"
"the world is rich","movie","1"
"augsburg raid","military conflict","1"
"edward bagshawe (bishop)","christian bishop","1"
"1st engineer battalion (united states)","military unit","1"
"saint-gaultier","settlement","1"
"nitin sharma","cricketer","1"
"kjetil bang-hansen","person","1"
"jago (killer instinct)","fictional character","1"
"federal reserve bank of new york building","building","1"
"ernst wiehle","military person","1"
"bone palace ballet","album","1"
"salt bae","person","1"
"siddhesh wath","cricketer","1"
"property nsw","government agency","1"
"billy squier discography","artist discography","1"
"njoku ji","deity","1"
"teenagent","video game","1"
"gannys","politician","1"
"são josé, paulínia","soccer club","1"
"bernard and huey","movie","1"
"old chief joseph gravesite","building","1"
"patrice barnes","politician","1"
"harrison frazar","golf player","1"
"voskhod 1","artificialsatellite","1"
"voskhod 1","space mission","1"
"andrzej wieckowski","scientist","1"
"robat-e qarah bil","village","1"
"church missionary society college high school","school","1"
"liquid smoke","chemical compound","1"
"mehr eliezer","beauty queen","1"
"johnnie cochran","person","1"
"assumption of mary (doxaras)","artwork","1"
"kitwiru","settlement","1"
"wztc","radio station","1"
"battle of spencer's ordinary","military conflict","1"
"the urology foundation","organisation","1"
"ahmed al-mubarak","soccer player","1"
"a lion walks among us","television episode","1"
"1994–95 mexican primera división season","football league season","1"
"vietnam, long time coming","movie","1"
"hasta que la plata nos separe (2022 tv series)","television show","1"
"monika kørra","person","1"
"maría isabel merlo talavera","person","1"
"r-17 regional road (montenegro)","road","1"
"violaxanthin","chemical compound","1"
"armin guhl","athlete","1"
"gustav von bunge","scientist","1"
"the mess you leave behind","television show","1"
"aris thessaloniki fc","soccer club","1"
"titicut follies","movie","1"
"cory blaser","baseball player","1"
"quihuhu","village","1"
"li jieqiang","athlete","1"
"ray taliaferro","person","1"
"ntc poprad","stadium","1"
"ntc poprad","venue","1"
"chris cheng","person","1"
"shankar shah","royalty","1"
"jeong myeong-o","athlete","1"
"spirochaetes","animal","1"
"yergol","village","1"
"edward tabb house","building","1"
"mexican federal highway 175","road","1"
"raffaëla anderson","adult (pornographic) actor","1"
"pub choir","musical artist","1"
"hruškarje","settlement","1"
"besvica","village","1"
"turning (2012 film)","movie","1"
"jeppo (village)","settlement","1"
"wouter wippert","cyclist","1"
"under mitt tunna skinn","song","1"
"nardenk","food","1"
"allan lockheed","person","1"
"brendan foley","person","1"
"a geography of blood","book","1"
"pedro pagés","baseball player","1"
"shooting at the 1996 summer olympics - men's 25 metre rapid fire pistol","olympic event","1"
"hasag","company","1"
"leningrad people's militia army","military unit","1"
"rafael serra","person","1"
"dalziel high school","school","1"
"henry surtees (mp)","politician","1"
"stade du petit-bois","venue","1"
"rumpin","settlement","1"
"nextstep","software","1"
"mirrors (natalia kills song)","single","1"
"mirrors (natalia kills song)","song","1"
"peter käsbauer","badminton player","1"
"the america ep","album","1"
"4 clowns","movie","1"
"martin luther king jr. park","building","1"
"2008 alaska democratic presidential caucuses","election","1"
"soraya de visch eijbergen","badminton player","1"
"mikawa-toyota station","station","1"
"lima, oklahoma","town","1"
"thaba mokhele","village","1"
"inspired education group","company","1"
"knight's armament company","company","1"
"list of drake & josh episodes","album","1"
"the carolinas","village","1"
"harry chapin discography","artist discography","1"
"nacereddine bacha","soccer player","1"
"wired life","song","1"
"pidakkozhi koovunna noottandu","movie","1"
"songzhu temple","religious building","1"
"amos marsh","american football player","1"
"laetitia aoun","athlete","1"
"who let the dogs out (album)","album","1"
"matthew nudds","philosopher","1"
"1978–79 cupa româniei","soccer tournoment","1"
"johnsontown, new york","settlement","1"
"alexander mutiso","athlete","1"
"eileen shore","scientist","1"
"bernardino realino","saint","1"
"mulgeum station","train station","1"
"cnn international europe/middle east/africa","television station","1"
"cottbus–frankfurt (oder) railway","railway line","1"
"silvano aureoles conejo","politician","1"
"asia society","museum","1"
"flagler county, florida","administrative region","1"
"lake barrine","body of water","1"
"systemsoft alpha","company","1"
"reason studios","company","1"
"cornuscoparia ochracea","insect","1"
"romércio","soccer player","1"
"roiyaan","song","1"
"barbara drummond","politician","1"
"command & conquer: the first decade","video game","1"
"supernova (mr hudson song)","single","1"
"supernova (mr hudson song)","song","1"
"lionel jack dumbleton","entomologist","1"
"in the shadow of saddam","book","1"
"brithdir, powys","settlement","1"
"howes, south dakota","village","1"
"pawleena, tasmania","administrative region","1"
"kyphosinae","insect","1"
"mulugeta bekele","person","1"
"jason donaghy","person","1"
"marco tasca","christian bishop","1"
"russian ship arkhangel gavriil","ship","1"
"rememory","movie","1"
"yarahmadzai tribe","ethnic group","1"
"amor de perdição (1978 film)","movie","1"
"pouilly-en-auxois","settlement","1"
"václav chudomel","athlete","1"
"the adventures of mark twain (1985 film)","movie","1"
"leonard herzenberg","person","1"
"leonard herzenberg","scientist","1"
"john sullivan (vc)","military person","1"
"js baco","soccer club","1"
"bayarsing","town","1"
"matt baker","person","1"
"seedorf, segeberg","settlement","1"
"marissa delgado","person","1"
"f. marian mcneill","writer","1"
"dant, oregon","village","1"
"microregion of borborema potiguar","administrative region","1"
"(a→b) life","album","1"
"ambroise ouédraogo","christian bishop","1"
"the profiteer","movie","1"
"20th battalion, london regiment (blackheath and woolwich)","military unit","1"
"joão de abreu","athlete","1"
"clean head","album","1"
"grézieu-le-marché","settlement","1"
"blaricum","settlement","1"
"blaricum","village","1"
"stefan schwarz","soccer player","1"
"queenstown oval","venue","1"
"ascheberg (westfalen)","settlement","1"
"newton suites","building","1"
"santa fe, havana","settlement","1"
"absolutely (abc album)","album","1"
"deangelo willingham","american football player","1"
"joseph ole lenku","politician","1"
"lonnie eggleston","basketball player","1"
"fc imabari","soccer club","1"
"koszutka","administrative region","1"
"ken reeves (american football)","american football player","1"
"mikael fruelund","handball player","1"
"miloš šobajić","artist","1"
"lau language (malaita)","language","1"
"peterborough railway station","station","1"
"elachista michelseni","insect","1"
"symone (drag queen)","person","1"
"liberal progressive party (spain)","political party","1"
"reynolds (stargate)","person","1"
"his 12 greatest hits","album","1"
"grapevine leafroll-associated virus 3","disease","1"
"bato, camarines sur","settlement","1"
"bekkersdal","settlement","1"
"wagr ai class","train","1"
"nedžad žerić","soccer player","1"
"nedžad žerić","soccer manager","1"
"skoroszowice","village","1"
"meaning in the static","album","1"
"luella costales","politician","1"
"king of jeans","album","1"
"sunderland city council","legislature","1"
"american journal of ophthalmology","academic journal","1"
"sangeet paul choudary","person","1"
"twinstead","settlement","1"
"prince's square","park","1"
"matthew watson (political economist)","person","1"
"lee young-eun","person","1"
"tuek phos (town)","town","1"
"crystal taliefero","musical artist","1"
"särevere","village","1"
"särevere","city district","1"
"charles s. benton","politician","1"
"eulabee dix","artist","1"
"karen lee andrews","musical artist","1"
"w. w. grainger","company","1"
"lindis pass","mountain pass","1"
"university of valle publishing program","publisher","1"
"michael kügler","soccer player","1"
"michael kügler","soccer manager","1"
"neyrang","village","1"
"lahr, bitburg-prüm","settlement","1"
"dineurodes","insect","1"
"piotrowice nyskie","village","1"
"ethan laidlaw","person","1"
"kids of the majestic","movie","1"
"konstantinos thanos","athlete","1"
"dellrose, tennessee","settlement","1"
"dellrose, tennessee","village","1"
"formosa do sul","town","1"
"stefan witkowski","chess player","1"
"gert muller (rugby union, born 1948)","rugby player","1"
"burgynbash","village","1"
"satchi ponnambalam","politician","1"
"metamorfosi, chalkidiki","administrative region","1"
"rocus lamare","soccer player","1"
"e.dams-renault","formula 1 team","1"
"monterey (eric burdon and the animals song)","song","1"
"pachypeza phegea","insect","1"
"beauveria","plant","1"
"aminuddin ponulele","politician","1"
"telecommunications authority of trinidad and tobago","government agency","1"
"peter hide","artist","1"
"2013 erste bank open","tennis tournament","1"
"ccgs cape dauphin","ship","1"
"jim meara","soccer player","1"
"anne-marie marchand","person","1"
"u.s. route 26 in nebraska","road","1"
"svetlana prokopyeva","person","1"
"tallaringa conservation park","administrative region","1"
"air scotland","airline","1"
"ashanti gold s.c.","soccer club","1"
"or1l1","humangene","1"
"list of emmerdale characters (1997)","soap character","1"
"apt. (album)","album","1"
"graeme young","rugby player","1"
"aboubakar koné (footballer, born 1990)","soccer player","1"
"sadabad, rigan","village","1"
"norwegian dakotan","ethnic group","1"
"the annex","settlement","1"
"the annex","city district","1"
"dąbrowa, pabianice county","village","1"
"are u satisfied","album","1"
"lathone collie-minns","athlete","1"
"iford, dorset","settlement","1"
"cashmeran","chemical compound","1"
"lujiazui station","station","1"
"nubuke foundation","museum","1"
"ibm cloud computing","software","1"
"kbaq","radio station","1"
"hasitha boyagoda","cricketer","1"
"margarita popova","office holder","1"
"margarita popova","politician","1"
"vega vio nirwanda","badminton player","1"
"emad el-sayed","soccer player","1"
"ethio-parents' school","school","1"
"elena spirgevičiūtė","saint","1"
"seals & crofts (album)","album","1"
"wiesbaden-nordost","settlement","1"
"dylan ryan (drummer)","musical artist","1"
"dawn (2015 film)","movie","1"
"ala-ud-din bahman shah","royalty","1"
"crosby sisters","band","1"
"by any means (film)","movie","1"
"francis fortescue urquhart","person","1"
"magley, indiana","village","1"
"hms k14","ship","1"
"yang fuyu","scientist","1"
"universum film ag","company","1"
"toltec empire","country","1"
"lick ya down","single","1"
"lick ya down","song","1"
"borzeshabad","village","1"
"arthur smith (comedian)","person","1"
"riptide (2022 tv series)","television show","1"
"dylan borrero","soccer player","1"
"ranilug","village","1"
"wayde van niekerk","athlete","1"
"the path to the nest of spiders","book","1"
"josephine mathias","soccer player","1"
"blue states (band)","band","1"
"blue states (band)","musical artist","1"
"wuhan sports center stadium","stadium","1"
"pikachu","fictional character","1"
"john cummins (canadian politician)","time period","1"
"john cummins (canadian politician)","politician","1"
"jersey city public schools","settlement","1"
"sergeyevka, meleuzovsky district, republic of bashkortostan","village","1"
"muzi yeni","jockey (horse racer)","1"
"jeju people","ethnic group","1"
"bela bach","politician","1"
"goat island (new york)","island","1"
"andy bean","golf player","1"
"1956 yale bulldogs football team","national collegiate athletic association team season","1"
"einsjäger und siebenjäger","album","1"
"metarctia sheljuzhkoi","insect","1"
"incarnate (film)","movie","1"
"seaton delaval railway station","station","1"
"robert paxton (figure skater)","figure skater","1"
"i don't run","album","1"
"lynne hamilton","band","1"
"lynne hamilton","musical artist","1"
"lee philips","person","1"
"g-slide (tour bus)","single","1"
"g-slide (tour bus)","song","1"
"guido de luigi","volleyball player","1"
"united nations mission in nepal","military conflict","1"
"united nations mission in nepal","organisation","1"
"vimbai mutinhiri","person","1"
"huangshan tunxi international airport","airport","1"
"tulus (singer)","band","1"
"tulus (singer)","person","1"
"prasklice","town","1"
"honeymoon lodge","movie","1"
"center for legal assistance to pollution victims","organisation","1"
"grace carley harriman","person","1"
"parapenetretus","insect","1"
"gary bradds","basketball player","1"
"dracius","mythological figure","1"
"the rising (trivium song)","song","1"
"huia (frog)","insect","1"
"companions (album)","album","1"
"annaclone","settlement","1"
"randy marshall","american football player","1"
"massachusetts route 40","road","1"
"the balloonman","television episode","1"
"elliott hudson college","school","1"
"the killing of randy webster","television show","1"
"sabina cvilak","person","1"
"mike road","person","1"
"ttujur, gegharkunik","settlement","1"
"boora","settlement","1"
"kuhran","village","1"
"san bernardo alle terme","historic building","1"
"hilarographa ferox","insect","1"
"lucius d. battle","politician","1"
"ray battle","baseball player","1"
"an interesting story","movie","1"
"vuelve candy b.","horse","1"
"sand hill river","river","1"
"gaighat, ghazipur","village","1"
"2018 king george vi and queen elizabeth stakes","horse race","1"
"sloane square tube station","station","1"
"atresmedia televisión","record label","1"
"muzaffer atac","scientist","1"
"free energy (band)","band","1"
"mohamed al-kafraini","athlete","1"
"lotte chemical titan","company","1"
"christoffer svae","curler","1"
"cbk (am)","radio station","1"
"felix ugo omokhodion","person","1"
"k-1 grand prix '99 final round","mixed martial arts event","1"
"jim luken","politician","1"
"miller grove high school (lithonia, georgia)","school","1"
"tv4 (sweden)","television station","1"
"frank eck stadium","stadium","1"
"david tsimakuridze","athlete","1"
"siege of gdov","military conflict","1"
"argentine dirty war","military conflict","1"
"ballz","video game","1"
"ozzfest 2001: the second millennium","album","1"
"ruth garcês","person","1"
"sovetsky district, novosibirsk","administrative region","1"
"cyclostrema tortuganum","mollusca","1"
"van stephenson","musical artist","1"
"believers (deacon blue album)","album","1"
"kleiner grasbrook","settlement","1"
"192nd ohio infantry regiment","military unit","1"
"phoenix object basic","programming language","1"
"bath county pumped storage station","dam","1"
"jugada","village","1"
"murray heatley","ice hockey player","1"
"telegrafenberg","mountain","1"
"siraha","settlement","1"
"siraha","town","1"
"tianjin south railway station","station","1"
"marjan jahangiri","medician","1"
"escape from the dark","movie","1"
"ninu veedani needanu nene","movie","1"
"herbert duthie","medician","1"
"lower largo","settlement","1"
"white county asylum","building","1"
"nosferatu (fish)","insect","1"
"mojoportal","software","1"
"walter reek","politician","1"
"duval wapiwo","soccer player","1"
"hunting hill","mountain","1"
"talismã (album)","album","1"
"catahecassa (ytb-828)","ship","1"
"omar gooding","person","1"
"tommy blake","american football player","1"
"european institute of women's health","organisation","1"
"arnaldo ochoa","military person","1"
"adnan ahmed (field hockey)","athlete","1"
"little si","mountain","1"
"leo catholic high school","school","1"
"israeli american","country","1"
"gedaya abrahams","cricketer","1"
"helena moreno","office holder","1"
"helena moreno","politician","1"
"markovka","village","1"
"plastic toys","band","1"
"nicholas (duo)","band","1"
"ron watson (politician)","politician","1"
"herbert timms","cricketer","1"
"zsigmondy (crater)","crater","1"
"josh rowbotham","soccer player","1"
"london underground 1996 stock","soccer club","1"
"london underground 1996 stock","train","1"
"temiscaming titans","hockey team","1"
"modoc nation","ethnic group","1"
"friday (rebecca black song)","single","1"
"friday (rebecca black song)","song","1"
"united states postal service office of inspector general","government agency","1"
"1993 avon county council election","election","1"
"jan mulder (footballer)","soccer player","1"
"joy (toni pearen song)","single","1"
"joy (toni pearen song)","song","1"
"r. l. wright","writer","1"
"eugenia cheng","scientist","1"
"tony award for best actress in a play","award","1"
"1987–88 boise state broncos men's basketball team","national collegiate athletic association team season","1"
"asunder (software)","software","1"
"roger winlaw","cricketer","1"
"benji roland","american football player","1"
"koi-256","star","1"
"jaraguá, goiás","town","1"
"mills darden","person","1"
"emre öztürk (footballer, born 1992)","soccer player","1"
"undō-kōen station (gunma)","station","1"
"jeff cunningham","soccer player","1"
"mangaka","person function","1"
"stuart v. laird","supreme court of the united states case","1"
"sisto riario sforza","cardinal","1"
"dlhá","town","1"
"spurr (crater)","crater","1"
"samuel henry drew","person","1"
"st peter's church and monastery, mdina","historic building","1"
"poliksena shishkina-iavein","person","1"
"patcham tunnel","railway tunnel","1"
"anderson lessa","soccer player","1"
"ninxa","organisation","1"
"saard panyawan","athlete","1"
"museo experimental el eco","museum","1"
"richard j. seitz","military person","1"
"she's got you","single","1"
"she's got you","song","1"
"don't toy with me, miss nagatoro","manga","1"
"lampros vangelis","soccer player","1"
"ilhami çene","athlete","1"
"con davey","soccer player","1"
"lpar2","humangene","1"
"morgram railway station","station","1"
"sycophantia","animal","1"
"rzeplin, lesser poland voivodeship","village","1"
"store austanbotntind","mountain","1"
"taylor, arkansas","settlement","1"
"taylor, arkansas","city","1"
"buabad","village","1"
"south african army infantry formation","military unit","1"
"josé luis calva","criminal","1"
"sant'antonio abate, palermo","religious building","1"
"unsalted: a great lakes experience","movie","1"
"grand lake (electoral district)","administrative region","1"
"tun razak exchange mrt station","station","1"
"football dataco","company","1"
"ecolego","software","1"
"2022 european fencing championships","sports event","1"
"miss montana's outstanding teen","organisation","1"
"1984 cachar earthquake","earthquake","1"
"stack's mountain, county kerry","town","1"
"temara melek","person","1"
"samir bajtarević","soccer player","1"
"2020 in konfrontacja sztuk walki","mixed martial arts event","1"
"manny lehman (disc jockey)","person","1"
"ballard's ash","settlement","1"
"büchel air base","airport","1"
"pillaa raa","song","1"
"mladen vukasović","soccer player","1"
"ben chasny","musical artist","1"
"joe cronin","baseball player","1"
"sakou","settlement","1"
"metropolitan–london league","soccer league","1"
"estadio carlos calderón","venue","1"
"2011 in strikeforce","football match","1"
"2011 in strikeforce","mixed martial arts event","1"
"amt automag ii","weapon","1"
"tahir raj bhasin","person","1"
"celestino fernández-villar","scientist","1"
"ford atlas","automobile","1"
"tiawah, oklahoma","settlement","1"
"lufia","television show","1"
"léon scieur","cyclist","1"
"kasymguly babaev","office holder","1"
"kasymguly babaev","politician","1"
"charles krulak","military person","1"
"madonna and child with st. john the baptist and st. mary magdalene","artwork","1"
"pumin station","station","1"
"isadore sparber","person","1"
"roden, bavaria","settlement","1"
"1963 lamar tech cardinals football team","national collegiate athletic association team season","1"
"thomas whitwell","person","1"
"nan'yō, yamagata","city","1"
"hohberg","settlement","1"
"daisuke miyakawa","soccer player","1"
"ljubomir čelebić","tennis player","1"
"esther carlson","person","1"
"reed howes","person","1"
"narlıkuyu","town","1"
"pete oakley","golf player","1"
"azizul baharuddin","soccer player","1"
"harold c. roberts","military person","1"
"ns square","venue","1"
"north bend, pennsylvania","village","1"
"ngc 2608","galaxy","1"
"colin quinn","person","1"
"colin quinn","comedian","1"
"michigan (album)","album","1"
"raudondvaris, riešė","village","1"
"queen myeongseong","royalty","1"
"george furth","person","1"
"ahmad rida huhu","person","1"
"meningoencephalitis","disease","1"
"epimelitta lestradei","insect","1"
"jimpul","weapon","1"
"return of sergeant lapins","movie","1"
"sms novara (1850)","ship","1"
"john hinds (doctor)","medician","1"
"osniel melgarejo","volleyball player","1"
"madipu","movie","1"
"fatoumata (footballer)","soccer player","1"
"apteroleiopus","insect","1"
"cuero commercial historic district","historic place","1"
"the power (2021 indian film)","movie","1"
"uss general m. b. stewart (ap-140)","ship","1"
"igor sláma","cyclist","1"
"blepharophimosis","disease","1"
"dinkey creek (california)","river","1"
"james fairfax","person","1"
"south fork bull run river","river","1"
"weat","radio station","1"
"nieşu river","river","1"
"aga aviation cg-9","aircraft","1"
"marlene neubauer-woerner","person","1"
"mills e. godwin jr.","office holder","1"
"luther (album)","album","1"
"swedish national board of forensic medicine","government agency","1"
"schloss eicks","military structure","1"
"hanishiyeh","village","1"
"roy j. turner","office holder","1"
"roy j. turner","politician","1"
"jason antoon","person","1"
"2013 japanese grand prix","grand prix","1"
"john w. boyle","person","1"
"shannon-williamson ranch","historic place","1"
"strømsgodset i.f.","soccer club","1"
"invisible means","album","1"
"elwood cooke","tennis player","1"
"universal mortar ub m52","weapon","1"
"stara kaźmierka","village","1"
"christoph karl von bülow","military person","1"
"tonisha rock-yaw","netball player","1"
"cornish library","library","1"
"labani, iran","village","1"
"two caravans","book","1"
"tomas lafchis","soccer manager","1"
"kelly poppinga","college coach","1"
"quebec route 218","road","1"
"amblesthidopsis","insect","1"
"sangthang","mountain","1"
"carlos felipe","martial artist","1"
"unnatural exposure","book","1"
"nash bridges","television show","1"
"isuzu giga","automobile","1"
"moranlı, jalilabad","town","1"
"romy kalb-gundermann","person","1"
"uk health security agency","government agency","1"
"novak grebostrek","military person","1"
"eagris nottoana","insect","1"
"jo weidin","boxer","1"
"blue sky riders","band","1"
"stark, arizona","populated place","1"
"asian youth athletics championships","convention","1"
"bliecos","town","1"
"micky fenton (jockey)","jockey (horse racer)","1"
"jabbar, razavi khorasan","village","1"
"roberto lópez suárez","person","1"
"special herbs, vol. 1","album","1"
"cinguloterebra","insect","1"
"cinguloterebra","mollusca","1"
"madrid-málaga high-speed rail line","railway line","1"
"frank juhan","american football player","1"
"aq interactive","company","1"
"aradhana (1976 film)","movie","1"
"1935 western kentucky state teachers hilltoppers football team","national collegiate athletic association team season","1"
"konami soga","skater","1"
"yumie funayama","curler","1"
"garn stephens","person","1"
"john minor wisdom united states court of appeals building","building","1"
"1968 new york jets season","national football league season","1"
"italian naval aviation","military unit","1"
"kathleen brown","office holder","1"
"kathleen brown","politician","1"
"line f (buenos aires underground)","railway line","1"
"megelli motorcycles","company","1"
"who are you (the who song)","song","1"
"the cheaters (1930 film)","movie","1"
"longa island","island","1"
"hardy downtown historic district","historic place","1"
"in the name of suffering","album","1"
"great notch station","station","1"
"andre jones and freddie tiller","criminal","1"
"oberaarjoch","mountain pass","1"
"persepolis f.c. academy","soccer club","1"
"lina nielsen","athlete","1"
"batman: the caped crusader","video game","1"
"tony henry (footballer, born 1979)","soccer player","1"
"1989 virginia slims of albuquerque","tennis tournament","1"
"celebration (1979 celebration album)","album","1"
"arthur rawdon","person","1"
"1976–77 liverpool f.c. season","office holder","1"
"1976–77 liverpool f.c. season","soccer club season","1"
"ebenezer, camp county, texas","village","1"
"fort osage high school","school","1"
"super sun","album","1"
"x lovers","band","1"
"jasmine (song)","song","1"
"valerio festi","person","1"
"beovoz","public transit system","1"
"ab tajul islam","politician","1"
"marsh–place building","building","1"
"trevor harley","person","1"
"william potter (cricketer, born 1799)","person","1"
"felicia kentridge","person","1"
"slns parakrama","military structure","1"
"katsuki sakagami","athlete","1"
"alex leake","soccer player","1"
"paczyna","village","1"
"mills of the gods","movie","1"
"95th pennsylvania volunteer infantry","military unit","1"
"point purvis","place","1"
"up on high","album","1"
"subscapularis muscle","anatomical structure","1"
"subscapularis muscle","muscle","1"
"harry bartell","person","1"
"tetsuya kokubo","baseball player","1"
"athens, georgia: over/under","movie","1"
"bord na mona with nature novice chase","horse race","1"
"cirrhochrista spinuella","insect","1"
"kakulu saggiaktok","artist","1"
"the fiancée of belus","artwork","1"
"lothar-günther buchheim","writer","1"
"bornerbroek","village","1"
"victor g. atiyeh","office holder","1"
"hamra church, gotland","historic building","1"
"cm postcode area","administrative region","1"
"henry clay folger","person","1"
"peter wright (police officer)","person","1"
"2015 aff women's championship","soccer tournoment","1"
"vitamin a receptor","protein","1"
"germaine mason","athlete","1"
"pamela tola","person","1"
"lucknow–gorakhpur line","railway line","1"
"the patriot (1938 film)","movie","1"
"midnight man (album)","album","1"
"george burns (first baseman)","baseball player","1"
"john nevill, 10th baron bergavenny","noble","1"
"hugh murdac","cleric","1"
"andrew wilkinson (canadian politician)","office holder","1"
"fukui railway fukubu line","railway line","1"
"luis marín (footballer, born 1974)","soccer manager","1"
"1500 louisiana street","building","1"
"stachyneura","insect","1"
"walter c. carter","office holder","1"
"walter c. carter","politician","1"
"george mungwa","soccer manager","1"
"dirty windows","album","1"
"kfax","radio station","1"
"countess ina marie von bassewitz","person","1"
"countess ina marie von bassewitz","royalty","1"
"wczz","radio station","1"
"rafael villicaña garcía","person","1"
"sin control","album","1"
"aleksandr kabakov","person","1"
"fred anderson (montana politician)","politician","1"
"inkpen common","settlement","1"
"survival film","music genre","1"
"bhim singh (wrestler)","athlete","1"
"glinsk, county mayo","town","1"
"don juan demercado","television show","1"
"leadtek","company","1"
"nasser hassan al-shaikh","person","1"
"janata party (secular)","political party","1"
"marnie andrews","person","1"
"brownsboro high school (texas)","school","1"
"norah jeruto","athlete","1"
"detroit house of correction","prison","1"
"fc naţional","soccer club","1"
"yayoi watanabe","person","1"
"deuveotrechus","insect","1"
"sakkin barricade","album","1"
"secret well","movie","1"
"lejla (hari mata hari song)","song","1"
"alex job racing","soccer club","1"
"pantaleón valmonte","politician","1"
"bracken county, kentucky","settlement","1"
"bracken county, kentucky","administrative region","1"
"raipur–bilaspur expressway","road","1"
"farid nabiyev","soccer player","1"
"racket-tailed treepie","insect","1"
"uss r-6 (ss-83)","ship","1"
"yeranis lee","soccer player","1"
"amar bakshi","person","1"
"zacorisca aquamarina","insect","1"
"dave j. browne","person","1"
"linked data","music genre","1"
"saphenista frangula","insect","1"
"joe miller (second baseman)","baseball player","1"
"the cottage schools","historic place","1"
"polska nowa wieś","village","1"
"heping xiqiao station","station","1"
"ouled abbes","town","1"
"ike brown (canadian football)","soccer player","1"
"manuel sanchez (american guitarist)","musical artist","1"
"barracas central","soccer club","1"
"charlie pickett (pitcher)","baseball player","1"
"protagonistas de nuestra tele (season 2)","television season","1"
"cotton, staffordshire","settlement","1"
"bánh mì verlag","record label","1"
"hey boy (teddybears song)","single","1"
"hey boy (teddybears song)","song","1"
"nene park","venue","1"
"cross-country skiing at the 1972 winter olympics – women's 10 kilometre","olympic event","1"
"don't (billy currington song)","single","1"
"don't (billy currington song)","song","1"
"supreme ruler 1936","video game","1"
"david wachs","person","1"
"sven van beek","soccer player","1"
"joseph walton (footballer)","soccer player","1"
"e. lloyd sheldon","person","1"
"e. lloyd sheldon","screenwriter","1"
"jacob holmes","office holder","1"
"anselm von rothschild","person","1"
"hrachya kochar","writer","1"
"the nest (album)","album","1"
"adachi-odai station","station","1"
"chris mccullough","basketball player","1"
"an wang","person","1"
"an wang","scientist","1"
"list of neighbours characters (2018)","soap character","1"
"cafe astoria","restaurant","1"
"emily's quest","book","1"
"sorico","settlement","1"
"randy druz","tennis player","1"
"gtb nagar monorail station","station","1"
"wania monteiro","gymnast","1"
"thomas hood (australian politician)","politician","1"
"freelancer (video game)","video game","1"
"columbus east high school","school","1"
"rms umbria","ship","1"
"gert iskov","chess player","1"
"o passo do lui","album","1"
"at the night side","album","1"
"ben carter (basketball)","basketball player","1"
"battle for cebu city","military conflict","1"
"père lachaise (paris métro)","station","1"
"krasnoramenye","village","1"
"flavonol-3-o-beta-glucoside o-malonyltransferase","enzyme","1"
"2008 african women's championship qualification","soccer tournoment","1"
"mladen banović","scientist","1"
"azar v. garza","supreme court of the united states case","1"
"antoine dénériaz","skier","1"
"guwanç rejepow","soccer player","1"
"yung berg","musical artist","1"
"vrieskraal","settlement","1"
"marhy","musical artist","1"
"innocent muchaneka","soccer player","1"
"xylocrius agassizi","insect","1"
"l-fucose isomerase","enzyme","1"
"binod pradhan","person","1"
"harmondsworth","settlement","1"
"fujiidera station","station","1"
"skellefteå kraft arena","venue","1"
"tawatwong na chiang mai","politician","1"
"mark weinberger","person","1"
"bradley williams","cricketer","1"
"peristygis","insect","1"
"vertelka","settlement","1"
"tomás attis","soccer player","1"
"taltopia","website","1"
"paul caddis","soccer player","1"
"bashqurtaran","village","1"
"john russell hind","scientist","1"
"the aluminum association","company","1"
"nevada state route 398","road","1"
"korea joongang daily","newspaper","1"
"the o.c.","television show","1"
"utah state route 74","road","1"
"825 naval air squadron","military unit","1"
"pak seung-zin","soccer player","1"
"shadowman (comics)","comics character","1"
"steve abana","office holder","1"
"steve abana","politician","1"
"the young shepherdess","artwork","1"
"leggia","settlement","1"
"parkdale collegiate institute","school","1"
"victor mucha","athlete","1"
"balje, lower saxony","settlement","1"
"bob crowley (survivor contestant)","person","1"
"festival cinema e ambiente avezzano","film festival","1"
"thomas d. sharkey","scientist","1"
"paracelsus medical university","university","1"
"infinite rider on the big dogma","album","1"
"the haircut","movie","1"
"patrick j. keeling","scientist","1"
"sit down, you're rockin' the boat","musical artist","1"
"leviathan: the last defense","anime","1"
"allerton bywater colliery explosion","settlement","1"
"top rank","company","1"
"stella maris church, montevideo","religious building","1"
"de herdgang","venue","1"
"ebenezer, queensland","settlement","1"
"frances talbot, countess of morley","person","1"
"poundmaker 114","settlement","1"
"robert e. cushman jr.","military person","1"
"robert e. cushman jr.","politician","1"
"richard whichello","tennis player","1"
"clarence page","person","1"
"aunet","village","1"
"jennings randolph","time period","1"
"jennings randolph","politician","1"
"vejce ambush","military conflict","1"
"karunakara tondaiman","military person","1"
"victor skumin","scientist","1"
"steenwijksmoer","village","1"
"los golpes bajos","movie","1"
"west end, florida","settlement","1"
"55 (album)","album","1"
"xu aihui","athlete","1"
"samuel loric","soccer player","1"
"hague conference on private international law","organisation","1"
"sir thomas hardy, 1st baronet","military person","1"
"aristelliger","insect","1"
"coup de grâce (mink deville album)","album","1"
"arab encyclopedia","book","1"
"slobodan dimitrijević","person","1"
"dobrociesz","village","1"
"kollam thulasi","person","1"
"william grierson (footballer)","soccer player","1"
"bonito (album)","album","1"
"schmittwasser","river","1"
"matías garafulic","rugby player","1"
"josephine dibble murphy","person","1"
"antonio maura y montaner","office holder","1"
"jaakko niemi","athlete","1"
"philippe higonet","military person","1"
"kingsbury oil terminal","building","1"
"sony bank","bank","1"
"kashinath (actor)","person","1"
"2/4th pioneer battalion (australia)","military unit","1"
"biernaty średnie","village","1"
"schizo deluxe","album","1"
"ron mayes","rugby player","1"
"l'anse indian reservation","settlement","1"
"karl, prince of leiningen (1898–1946)","royalty","1"
"colonial heights high school","school","1"
"destination x","wrestling event","1"
"margaret poisal","person","1"
"thomas stevens (weaver)","person","1"
"fl studio","software","1"
"deca loših muzičara","musical artist","1"
"deca loših muzičara","band","1"
"brain capers","album","1"
"underneath acoustic","album","1"
"die kassierer","band","1"
"philippe bergmans","sailor","1"
"anna herr clise","person","1"
"dan teran","person","1"
"ang tanging ina n'yong lahat","movie","1"
"john dickey (canadian politician)","person","1"
"john dickey (canadian politician)","member of parliament","1"
"association for applied psychophysiology and biofeedback","organisation","1"
"cape sastrugi","place","1"
"1804 vermont gubernatorial election","election","1"
"sorrell hiperlight","aircraft","1"
"norm stewart","college coach","1"
"chytridium elegans","fungus","1"
"holy trinity church, matlock bath","historic building","1"
"i wish (film)","movie","1"
"arganda del rey (madrid metro)","station","1"
"robert berić","soccer player","1"
"wrestling at the 2008 summer olympics – men's greco-roman 55 kg","olympic event","1"
"achalpur","settlement","1"
"achalpur","city","1"
"golborne south railway station","station","1"
"villa vodno","building","1"
"madeline weinstein","person","1"
"sascha müller","soccer manager","1"
"mauro esposito","soccer player","1"
"allting som vi sa","song","1"
"daniel young house","historic place","1"
"oberea subbasalis","insect","1"
"2020 ferrari challenge north america","motorsport season","1"
"nana oye lithur","office holder","1"
"nana oye lithur","politician","1"
"yongfeng station (chengdu metro)","station","1"
"lokmanya tilak college of engineering","university","1"
"black moor (musical group)","band","1"
"natural capital center","building","1"
"izzat klychev","artist","1"
"ms winston churchill","ship","1"
"valeria vereau","person","1"
"w-inds.","band","1"
"andrew maginnity","politician","1"
"róbert bezák","archbishop","1"
"american samoa women's national under-20 football team","soccer club","1"
"ngc 7503","galaxy","1"
"jiangwan township","administrative region","1"
"humphry davy school","school","1"
"clement thompson","cricketer","1"
"optix","software","1"
"richard faulkner, baron faulkner of worcester","politician","1"
"r397 road (ireland)","road","1"
"mettmenhaslisee","body of water","1"
"the contemporary ballad book","album","1"
